1,7.8
2,7.1
3,6.8
4,8.4
6,6.6
7,6.2
8,7.8
9,7.3
10,7.6
11,6.5
12,6.1
13,6.6
14,7.3
15,6.4
16,7.1
17,6.5
18,8.1
19,6.6
20,6.8
21,7.4
22,7
23,6.6
24,7.8
25,6.1
26,7.2
27,7.8
28,7.8
29,5.8
30,7
31,7.8
32,7.3
33,7.2
34,6.5
35,6.7
36,7.3
37,6
38,5.6
39,6.3
40,6.6
41,6.8
42,6.2
43,5.5
44,8.3
45,6.6
46,7.2
47,7
48,8
49,7.7
50,6.3
51,7.3
52,6.6
53,6.9
54,6.2
55,6.2
56,6.7
57,7.1
58,7.1
59,8.4
60,6.2
61,5.8
62,6.8
63,5.3
64,6.3
65,6.9
66,7
67,9
68,8.2
69,6.5
70,7.9
71,7.5
72,4.9
73,5.2
74,6
75,5.4
76,7.9
77,6.2
78,5.8
79,8.2
80,7.4
81,7
82,6.1
83,7
84,7.6
85,4.6
86,6.3
87,7.8
88,6.3
89,6.4
90,7.8
91,7.7
92,6.6
93,5.2
94,8.1
95,6.3
96,8.1
97,8.6
98,8.8
99,6.7
100,7.9
101,6.8
102,7.8
103,7.7
104,6.6
105,6.1
106,5.7
107,6.2
108,6.1
109,6.8
110,6.4
111,6.3
112,6.1
113,7.1
114,5.6
115,7.5
116,7.7
117,6.4
118,7.2
119,6.6
120,8
121,8.2
122,6.7
123,6
124,6.6
125,6.7
126,7.5
127,7.2
128,6.9
129,8.1
130,6.7
131,7
132,6.8
133,5.1
134,5.7
135,6.2
136,7.4
137,5.8
138,6.3
139,6.1
140,7.2
141,4.1
142,6.9
143,6.4
144,5.4
145,6.6
146,5.8
147,6.8
148,7.2
149,6.8
150,6.1
151,5.2
152,6.7
153,6.1
154,6.2
155,7.1
156,7.4
157,7.3
158,6.1
159,7.7
160,6
161,8
162,7.3
163,7.8
164,5.4
165,5
166,7.6
167,6.6
168,5.6
169,5.8
170,6
171,6.4
172,6.9
173,6.4
174,7.4
175,5.5
176,5.9
177,6.7
178,7.5
179,6.4
180,8
181,6.4
182,7.2
183,6.7
184,8
185,7.6
186,7.3
187,7.5
188,5.5
189,6.6
190,6.5
191,6.6
192,6.6
193,6.4
194,5.8
195,7.3
196,7.9
197,6.6
198,4.8
199,6.5
200,7.2
201,6.2
202,7.3
203,7.6
204,5.6
205,6.7
206,8
207,6.1
208,6.6
209,6.6
210,6.3
211,7.4
212,7.3
213,7.5
214,5.8
215,7.5
216,6.6
217,6.7
218,3.7
219,6.1
220,6.4
221,6.1
222,6.4
223,5.6
224,7.9
225,5.2
226,6.6
227,4.9
228,7
229,5.5
230,6.6
231,6.7
232,6.2
233,6
234,5.4
235,6.3
236,7
237,7.6
238,6.6
239,8.1
240,6.7
241,6.5
242,7.2
243,5.2
244,6.1
245,6.1
246,5.8
247,7.7
248,5.9
249,6
250,4.3
251,6.4
252,6.1
253,6.5
254,7.2
255,6.5
256,6.5
257,6.2
258,7.5
259,4.9
260,5.8
261,7.5
262,6.2
263,5.5
264,5.4
265,5.7
266,7.1
267,5.3
268,3.8
269,6.6
270,7.1
271,8.8
272,5.9
273,6.8
274,3.9
275,7.1
276,7.2
277,5.9
278,7.1
279,8
281,6.9
282,4.4
283,6.5
284,8.5
285,7.6
286,7.4
287,8
288,5.7
289,8.5
290,7
291,7.8
292,7.2
293,6.4
294,5.5
295,6.7
296,6.1
297,8.4
298,6.9
299,7.4
300,6.6
301,6.9
302,5.1
303,6.8
304,5.8
305,6.7
306,6
307,5.7
308,8
309,8.2
310,5.4
311,7.2
312,7.4
313,7
314,3.3
315,6
316,7.2
317,5.4
318,6.1
319,5.3
320,2.2
321,6.9
322,3.8
323,6.8
324,7.1
325,7.2
326,6.4
327,7.5
328,7.6
329,6.7
330,5.3
331,7.7
332,6.1
333,7.7
334,4.4
335,6.9
336,6.6
337,6.9
338,6.7
339,8.1
340,8.9
341,8.7
342,5.5
343,5.8
344,6.3
345,5.9
346,7.6
347,6.6
348,5.3
349,6
350,8
351,5.6
352,5.9
353,7.3
354,7.9
355,6.8
356,6.6
357,6.6
358,7
359,7
360,7.3
361,5.5
362,8.5
363,7.6
364,7
365,7.8
366,7.6
367,7.6
368,5.7
369,6.9
370,5.1
371,7.1
372,5.5
373,5.6
374,7.1
375,5
376,7.4
377,5.8
378,6.4
379,5.8
380,5.5
381,6.5
382,6.2
383,7.1
384,5.6
385,6.9
386,6.9
387,5.5
388,6.1
389,6.7
390,4.3
391,6.9
392,8
393,4.3
394,7.3
395,6.3
396,6.8
397,7.8
398,6.5
399,7.7
400,6.5
401,7.8
402,5.7
403,7.1
404,7.1
405,8.5
406,6.8
407,4.9
408,6.2
409,6.9
410,7.3
411,6.6
412,6.9
413,6.1
414,6.7
415,7.6
416,6.7
417,6.3
418,7.4
419,6
420,7.1
421,7.2
422,5.5
423,7.8
424,5.6
425,7.5
426,5.5
427,4.4
428,5
429,7.1
430,6.4
431,6.9
432,4.3
433,6.1
434,7
435,7.7
436,5.9
437,6.7
438,6.5
439,7.1
440,7.2
441,6.5
442,7
443,6.7
444,7.2
445,6.3
446,6.2
447,6.6
448,6.4
449,4.4
450,5.4
451,6.5
452,6.7
453,8.1
454,5.7
455,6.3
456,7.3
457,6
458,7.7
459,6.4
460,8.7
461,6.8
462,6.6
463,7.2
464,6.9
465,5.3
466,4.9
467,6.4
468,5.6
469,5.5
470,6.7
471,7.6
472,5.8
473,4.6
474,7.1
475,5.2
476,5.2
477,6.6
478,7.1
479,6.7
480,7.6
481,7.2
482,5.9
483,5.6
484,6.5
485,6
486,7
487,5.3
488,5.9
489,6.3
490,6
491,6.9
492,6.3
493,7.3
494,5.9
495,5.2
496,2.5
497,5.7
498,5.8
499,5.6
500,6
501,5.8
502,6
503,5.7
504,6
505,7.8
506,4.2
507,5.5
508,4.1
509,8.2
510,8.5
511,5.8
512,6.4
513,7.2
514,6.7
515,3.3
516,5.9
517,7.7
518,5.9
519,4.2
520,6.5
521,5.8
522,7.4
523,7
524,6.5
525,6.9
526,7.9
527,7.4
528,6.7
529,7.4
530,6.8
531,6.8
532,6.7
533,5.1
534,4.1
535,7.3
536,6
537,7.3
538,7.6
539,5.4
540,5.9
541,7.1
542,6
543,6.5
544,8.3
545,5.7
546,7.6
547,6.6
548,5.4
549,7.3
550,6.4
551,6.6
552,6.5
553,5.9
554,6.7
555,6
556,6.6
557,6.6
558,5.3
559,6
560,6
561,4.7
562,6.1
563,7.3
564,6.4
565,6.1
566,6
567,6.1
568,6.3
569,5.7
570,6.3
571,7
572,6.6
573,4.7
574,8.4
575,7
576,7.3
577,6.9
578,4.6
579,7.1
580,6.5
581,5.4
582,6.7
583,7.2
584,7.1
585,5.5
586,5.9
587,6
588,6.7
589,8.3
590,6.7
591,6
592,7.1
593,6
594,7.4
595,6.9
596,5.6
597,5.6
598,4.5
599,7.2
600,6.5
601,6.4
602,5.8
603,8
604,6.2
605,7.2
606,6.1
607,7.6
608,6.2
609,6.3
610,6.4
611,7.7
612,7.1
613,5.3
614,5.6
615,5.2
616,5.4
617,6.4
618,5.9
619,6.3
620,6.5
621,3
622,3.6
623,5.8
624,6.3
625,5.4
626,5.4
627,6.1
628,4.3
629,6.7
630,4.2
631,6.4
632,5
633,6.8
634,7.7
635,5.6
636,6.3
637,7.2
638,6.1
639,5.9
640,7.9
641,6.8
642,7.1
643,5.9
644,5.9
645,6.3
646,7.6
647,7
648,5.4
649,8.6
650,6.5
651,6.4
652,7.5
653,5.5
654,7.4
655,8.7
656,7.6
657,7.5
658,5.6
659,7.6
660,6.6
661,6.9
662,6.7
663,6.5
664,7.2
665,6.4
666,6.4
667,6
668,6.1
669,6
670,6.5
671,6.4
672,7.4
673,5.3
674,6.6
675,6.3
676,5.9
677,6.4
678,6.7
679,5.4
680,6.4
681,6.8
682,6.2
683,6.2
684,8.8
685,7.1
686,8.2
687,5.8
688,5
689,5.1
690,6.9
691,4.7
692,6.5
693,5.1
694,7.1
695,7.5
696,6.2
697,6.3
698,8.1
699,6.7
700,6.9
701,6
702,4.4
703,6.6
704,6.8
705,3.8
706,6
707,7.8
708,6.3
709,5.4
710,7.7
711,6.3
712,7.1
713,8.6
714,5.9
715,5.8
716,8.1
717,7.9
718,7.2
719,6.3
720,8.1
721,7.1
722,5.6
723,6.7
724,5.1
725,7
726,6.1
727,6.5
728,5.5
729,6
730,5.5
731,6.3
732,5.8
733,6.8
734,7.1
735,6.9
736,6.6
737,7.5
738,5.5
739,6.5
740,7
741,5.8
742,7.3
743,6.6
744,4.4
745,7.7
746,5
747,7.7
748,4.4
749,6.1
750,5.6
751,6.9
752,6.6
753,7
754,6.4
755,6.3
756,6.1
757,6.1
758,7.3
759,5.4
760,5.5
761,6.2
762,6.6
763,5.9
764,6.2
765,7.2
766,6.8
767,6.2
768,7.8
769,5.1
770,6.2
771,6.7
772,4.9
773,7.3
774,7.1
775,6.2
776,5
777,6.1
778,6.1
779,6.4
780,6.3
781,6.8
782,6.6
783,5.7
784,5.9
785,6
786,6.1
787,6.7
788,6.7
789,7.9
790,5
791,4.4
792,5.7
793,6.7
794,6.7
795,8.1
796,6.1
797,5.6
798,6.5
799,6.9
800,4.8
801,6.2
802,5.9
803,5
804,5.6
805,6.1
806,6.1
807,4.8
808,5.5
809,3.8
810,6.5
811,6
812,6.7
813,8
814,4.9
815,7.3
816,6.3
817,6.7
818,6.7
819,3.6
820,5.8
821,6
822,4.8
823,4.8
824,6.3
825,5.9
826,5.9
827,7.1
828,7.5
829,5.6
830,6.5
831,6.3
832,4.3
833,5.9
834,6.6
835,5.6
836,6.3
837,8.8
838,5.2
839,7
840,6.7
841,7.3
842,5.6
843,6.6
844,5.5
845,6.3
846,7.8
847,6.3
848,6.1
849,7.2
850,5.2
851,7.3
852,8
853,6.3
854,6.1
855,6.7
856,8.1
857,6.4
858,8.4
859,8
860,6.4
861,6.5
862,6.6
863,6.4
864,6
865,6.6
866,5.9
867,6.4
868,6.3
869,7.3
870,6.8
871,7.2
872,5.7
873,6.1
874,6.6
875,5.7
876,5.8
877,6.7
878,7.7
879,5.6
880,5.8
881,7.3
882,6.9
883,5.5
884,6.4
885,4.8
886,5.6
887,6.4
888,4.2
889,6.4
890,7.7
891,7.6
892,5.3
893,6.7
894,7.6
895,5.7
896,7.6
897,6.4
898,5.6
899,6.8
900,2.4
901,6.2
902,5.9
903,7.1
904,7.6
905,5.6
906,6.9
907,7.1
908,7.4
909,7.6
910,5.9
911,5.9
912,8.1
913,7.4
914,5.8
915,6.4
916,5.7
917,5.1
918,7.6
919,6.3
920,7.4
921,8.2
922,6.5
923,5.5
924,6.6
925,5.6
926,4.9
927,4.7
928,7.9
929,7.1
930,6.9
931,7.3
932,6.9
933,7.7
934,6.8
935,6.3
936,5.8
937,7
938,7.3
939,6.4
940,7
941,7.6
942,6.8
943,6.3
944,6.8
945,6.2
946,6
947,7.6
948,7.1
949,5.1
950,7.1
951,6.2
952,5.6
953,5.4
954,7.4
955,5
956,5.3
957,7.6
958,6.6
959,7
960,5.7
961,8.2
962,6.2
963,8.2
964,6.5
965,4.8
966,6.3
967,6.1
968,6.7
969,6.1
970,6.9
971,7.3
972,7.3
973,5.8
974,6.7
975,5.9
976,7.8
977,6.6
978,6.6
979,6.7
980,7.3
981,5.8
982,5.5
983,6.4
984,7.4
985,5.9
986,6.2
987,6
988,6.5
989,4.5
990,3.5
991,6.6
992,6
993,6.4
994,6.6
995,7.8
996,4.4
997,4.2
998,6.5
999,6.2
1000,6.3
1001,6.2
1002,5.9
1003,5.9
1004,6.5
1005,6.4
1006,6.5
1007,5.7
1008,7.4
1009,8
1010,7.3
1011,6.9
1012,7.6
1013,5.4
1014,6.6
1015,7.6
1016,5.9
1017,6.4
1018,5.5
1019,6
1020,6.2
1021,6.1
1022,5.2
1023,6.8
1024,7
1025,6
1026,5.2
1027,5.8
1028,6.2
1029,6.4
1030,4.7
1031,4.9
1032,5.6
1033,5.4
1034,3.7
1035,5.9
1036,8.5
1037,6.3
1038,7.4
1039,7.6
1040,8.2
1041,6.6
1042,6.8
1043,6.7
1044,6.8
1045,4.6
1046,7.1
1047,6.5
1048,6.4
1049,7.4
1050,6.4
1051,6
1052,6.5
1053,7.7
1054,6
1055,7
1056,6.1
1057,7.8
1058,6.1
1059,6.8
1060,6.5
1061,7.7
1062,8.1
1063,4.5
1064,5.8
1065,6.3
1066,5.7
1067,7.2
1068,7.6
1069,4.7
1070,6.6
1071,6.9
1072,7
1073,2.7
1074,4.9
1075,6.3
1076,5.5
1077,6.2
1078,5.8
1079,5.8
1080,6.6
1081,6.7
1082,7.4
1083,6.9
1084,5.5
1085,8.1
1086,7.7
1087,7.3
1088,5.3
1089,7.1
1090,7.1
1091,7.3
1092,6.5
1093,4.7
1094,5.7
1095,7.6
1096,7.2
1097,6.8
1098,5.5
1099,6.3
1100,7.2
1101,5.6
1102,6.8
1103,4.3
1104,6.3
1105,6.5
1106,6.5
1107,6.4
1108,6
1109,6.5
1110,6.5
1111,6.2
1112,5.8
1113,6.6
1114,7.4
1115,7.3
1116,6.6
1117,5.6
1118,5.4
1119,6
1120,5.4
1121,6.8
1122,6.4
1123,7.1
1124,4.9
1125,5.8
1126,7.1
1127,7.2
1128,6
1129,6
1130,7
1131,5.4
1132,6.5
1133,6.4
1134,8.2
1135,4.9
1136,6.3
1137,1.9
1138,7.7
1139,7.8
1140,5.6
1141,7.6
1142,6.5
1143,5.6
1144,7.5
1145,6.8
1146,6.7
1147,6
1148,7.3
1149,6
1150,7
1151,5.1
1152,6.8
1153,6.5
1154,6.6
1155,7.2
1156,7.1
1157,7
1158,5.9
1159,5.5
1160,6.6
1161,7
1162,6.4
1163,6.4
1164,6.6
1165,6.5
1166,5.8
1167,6.6
1168,5.5
1169,6.1
1170,4
1171,7.6
1172,7.9
1173,5.3
1174,6.5
1175,6.3
1176,7.4
1177,7.2
1178,7.1
1179,5
1180,6.9
1181,5.2
1182,8.1
1183,6.6
1184,6.2
1185,7.2
1186,7.2
1187,6.7
1188,6.4
1189,7.8
1190,6.4
1191,4.1
1192,4.2
1193,7.4
1194,5.9
1195,7.5
1196,7.2
1197,7.4
1198,7.7
1199,6.4
1200,5.1
1201,5.6
1202,7.4
1203,6
1204,7.5
1205,7
1206,7.5
1207,7.4
1208,5.6
1209,7.3
1210,7.1
1211,5.9
1212,7.8
1213,7.7
1214,8
1215,6.6
1216,7
1217,5.9
1218,8
1219,4.7
1220,6.1
1221,7.2
1222,6.4
1223,6
1224,5.2
1225,7.6
1226,6.4
1227,6.4
1228,6.1
1229,6.2
1230,5.3
1231,7.8
1232,7.3
1233,6.9
1234,8.5
1235,6.3
1236,5.9
1237,7.8
1238,6.7
1239,6.4
1240,5.9
1241,6.6
1242,6.8
1243,6.5
1244,6.6
1245,5.9
1246,6.8
1247,7.1
1248,5.8
1249,7.3
1250,6
1251,4.7
1252,5.3
1253,5.6
1254,6.5
1255,7
1256,5.8
1257,6.2
1258,6.5
1259,7.2
1260,5.1
1261,4.8
1262,5.9
1263,5.8
1264,7.2
1265,6.2
1266,7.4
1267,5.7
1268,6.1
1269,6
1270,6.9
1271,6.5
1272,5.2
1273,5.7
1274,7
1275,5.1
1276,5.4
1277,4.5
1278,4.8
1279,6.7
1280,6.7
1281,5.7
1282,7.3
1283,6.2
1284,6.4
1285,6.3
1286,6.1
1287,5.9
1288,4.1
1289,6.2
1290,4.7
1291,6.4
1292,5.9
1293,5.1
1294,7.6
1295,4.3
1296,7.9
1297,5.8
1298,6
1299,8.3
1300,4.9
1301,6.2
1302,6.5
1303,6.4
1304,3.3
1305,5.9
1306,6
1307,5.9
1308,6.5
1309,4.8
1310,4.2
1311,6.8
1312,6.2
1313,4.5
1314,5.8
1315,7.3
1316,5.9
1317,4.4
1318,5.8
1319,5.1
1320,6.9
1321,6.2
1322,6.8
1323,7.3
1324,7.1
1325,6
1326,7.1
1327,6.7
1328,5.7
1329,7.6
1330,8.1
1331,7.1
1332,5.7
1333,6.8
1334,7
1335,7.9
1336,5.3
1337,5
1338,6.4
1339,7.4
1340,6.2
1341,6.4
1342,5.8
1343,5.2
1344,6.6
1345,6.6
1346,6.9
1347,7.8
1348,6.4
1349,7.6
1350,5.7
1351,6.2
1352,4.4
1353,5.6
1354,5.5
1355,6.7
1356,6.1
1357,6.3
1358,7.3
1359,6.6
1360,8.1
1361,6.4
1362,6.4
1363,5.2
1364,6.5
1365,7.1
1366,4.8
1367,7.3
1368,5.2
1369,7.6
1370,7.6
1371,5.7
1372,7
1373,6
1374,8.1
1375,8
1376,5.6
1377,6.1
1378,6.9
1379,5.2
1380,7.1
1381,6.3
1382,7
1383,5.2
1384,6.9
1385,6.2
1386,6.4
1387,6.4
1388,5.7
1389,6.1
1390,5.4
1391,6.7
1392,6.8
1393,6
1394,7.8
1395,5.4
1396,4.5
1397,5.4
1398,7.7
1399,7.1
1400,6.6
1401,7.5
1402,5.8
1403,6.7
1404,7.7
1405,5.8
1406,5.5
1407,6.9
1408,7.6
1409,6.9
1410,6.4
1411,5.7
1412,7.3
1413,6.8
1414,6.2
1415,5.9
1416,7.4
1417,8.3
1418,6.2
1419,6.4
1420,5.8
1421,7.5
1422,6.3
1423,6.5
1424,7.2
1425,6.3
1426,6.9
1427,6.6
1428,5.7
1429,7.5
1430,7.7
1431,6.2
1432,5.4
1433,6.6
1434,5.3
1435,5.6
1436,5.9
1437,7.8
1438,6.7
1439,7.4
1440,6.2
1441,5.4
1442,6.7
1443,5.4
1444,5.9
1445,7.2
1446,4.9
1447,7.3
1448,3.9
1449,8.5
1450,6.8
1451,6.8
1452,5.3
1453,7.3
1454,6.6
1455,6.2
1456,5.3
1457,6.3
1458,6.2
1459,6.6
1460,6.5
1461,6.2
1462,5.1
1463,6.6
1464,6.1
1465,6.1
1466,6.6
1467,6
1468,6.3
1469,7.1
1470,5.1
1471,5.5
1472,7.3
1473,4.5
1474,6.2
1475,5
1476,6.5
1477,5.1
1478,6.5
1479,6.2
1480,6.3
1481,3.8
1482,5.2
1483,6.1
1484,6.2
1485,5.8
1486,6.8
1487,6.7
1488,6
1489,7.3
1490,5.5
1491,6.8
1492,4.8
1493,5.7
1494,5.2
1495,6
1496,4.3
1497,7.3
1498,4.6
1499,7
1500,8.5
1501,6.9
1502,8
1503,6.4
1504,6.3
1505,8.4
1506,7.1
1507,6.8
1508,7.5
1509,4.6
1510,5.7
1511,6.9
1512,6.8
1513,5.4
1514,7.2
1515,7.3
1516,5.2
1517,5.5
1518,7.7
1519,7.1
1520,5.4
1521,5.6
1522,5.7
1523,7.1
1524,7.4
1525,7.7
1526,5.6
1527,5.1
1528,6.3
1529,4.9
1530,6.5
1531,5.5
1532,5.3
1533,6.5
1534,6.7
1535,6.5
1536,6
1537,8.3
1538,6
1539,7.6
1540,5.6
1541,6.9
1542,6.4
1543,5.1
1544,7
1545,5.7
1546,6.8
1547,6.6
1548,6.2
1549,7.2
1550,6.2
1551,5.6
1552,4.4
1553,7.5
1554,7.1
1555,6.4
1556,7.1
1557,5.8
1558,6.9
1559,7.5
1560,6.3
1561,6.4
1562,5.9
1563,6.8
1564,6.3
1565,3.5
1566,5.3
1567,5.9
1568,6.9
1569,6.8
1570,6
1571,5.7
1572,8.5
1573,6.3
1574,7.3
1575,6.3
1576,7.2
1577,7.3
1578,6.3
1579,8.1
1580,6.9
1581,6.4
1582,7.4
1583,5.2
1584,6.1
1585,6.9
1586,7.2
1587,6.4
1588,6.4
1589,8.3
1590,7.2
1591,6.8
1592,6.5
1593,7.8
1594,7.6
1595,7.2
1596,6.7
1597,6.9
1598,6.4
1599,6.3
1600,6.3
1601,8.6
1602,7.9
1603,7.1
1604,8
1605,8.1
1606,6.7
1607,7.9
1608,6.1
1609,4.4
1610,6.2
1611,6.7
1612,7.5
1613,7.4
1614,7.2
1615,6.9
1616,7.4
1617,5.4
1618,6.8
1619,6.3
1620,7.2
1621,8.7
1622,6.8
1623,6
1624,6
1625,5.5
1626,5.9
1627,6.2
1628,7.7
1629,5.7
1630,7.6
1631,6.2
1632,5.5
1633,5.2
1634,6.5
1635,6.3
1636,7.5
1637,7.1
1638,5.2
1639,7.8
1640,6.6
1641,6.6
1642,5.1
1643,7.4
1644,7.2
1645,7.6
1646,7.4
1647,6.6
1648,7.2
1649,7.6
1650,6.2
1651,5.7
1652,7.6
1653,6.6
1654,7
1655,2.8
1656,7.6
1657,6.7
1658,7
1659,6.8
1660,7.5
1661,3.7
1662,6.1
1663,5.9
1664,6.7
1665,8.4
1666,6.9
1667,5.5
1668,7.1
1669,7.1
1670,5.9
1671,7.2
1672,3.4
1673,6.8
1674,6.9
1675,7
1676,5.6
1677,5.1
1678,6.2
1679,5.9
1680,5.3
1681,6.2
1682,5.5
1683,7.4
1684,4.4
1685,6.3
1686,6.1
1687,5.4
1688,5.4
1689,6.7
1690,5.9
1691,7.3
1692,5.5
1693,5.7
1694,4.6
1695,6.7
1696,5.1
1697,5.6
1698,7
1699,6.4
1700,6.7
1701,4.2
1702,5.5
1703,2.6
1704,6.4
1705,4.8
1706,6.1
1707,4.8
1708,7
1709,6.8
1710,7.3
1711,8.1
1712,5.6
1713,6.1
1714,7.9
1715,8.4
1716,6.5
1717,7.1
1718,6.6
1719,4.2
1720,7
1721,5.6
1722,4.8
1723,7.5
1724,5.9
1725,7.2
1726,5.6
1727,6.8
1728,4.9
1729,7.1
1730,2.1
1731,5.7
1732,4.5
1733,6.6
1734,6.2
1735,6.4
1736,7.9
1737,7.7
1738,6.4
1739,5.9
1740,7.7
1741,7.1
1742,5.3
1743,5.4
1744,7.5
1745,6.9
1746,4.9
1747,7.1
1748,8
1749,7.9
1750,7.6
1751,5.9
1752,6.3
1753,6.8
1754,6.4
1755,8.2
1756,6.8
1757,7.8
1758,6.7
1759,7.5
1760,7.3
1761,5.3
1762,6.5
1763,7.6
1764,7.3
1765,6.6
1766,6.8
1767,6.9
1768,5.9
1769,6.6
1770,6.7
1771,6.8
1772,6.3
1773,7.6
1774,6.1
1775,4.9
1776,6.2
1777,7.8
1778,8.2
1779,6.9
1780,6.2
1781,6.9
1782,4.8
1783,8
1784,5.4
1785,6.7
1786,5.5
1787,5.4
1788,4.9
1789,6.1
1790,5.8
1791,7
1792,6.4
1793,6.6
1794,6.1
1795,5.7
1796,6.6
1797,7
1798,7.4
1799,5.4
1800,7.4
1801,7.4
1802,6.8
1803,7.8
1804,7.3
1805,6
1806,7.4
1807,6.6
1808,7.9
1809,6.2
1810,5.7
1811,7.1
1812,5.7
1813,7.8
1814,7.9
1815,6.9
1816,7.4
1817,7.7
1818,6.9
1819,8.6
1820,6.8
1821,6.1
1822,6.2
1823,5.9
1824,6.8
1825,3.5
1826,6.5
1827,6.3
1828,6.4
1829,6.4
1830,5.7
1831,6.2
1832,6.6
1833,5.2
1834,6.2
1835,7.1
1836,7.1
1837,6.5
1838,6.1
1839,7
1840,7
1841,7.5
1842,6.6
1843,8.8
1844,7.4
1845,6.5
1846,6.2
1847,7.7
1848,5.2
1849,6.4
1850,6.5
1851,5.2
1852,7.2
1853,7.1
1854,4.5
1855,5.7
1856,6.1
1857,6.4
1858,5.2
1859,4.4
1860,6
1861,6.3
1862,6.8
1863,4.1
1864,5.3
1865,6.5
1866,7.4
1867,7.2
1868,7
1869,8
1870,8.1
1871,6.3
1872,7.8
1873,6.7
1874,6.2
1875,8.9
1876,8.1
1877,6.2
1878,5
1879,5.3
1880,5.8
1881,4.6
1882,6
1883,7
1884,6
1885,7.9
1886,8.1
1887,6.2
1888,6.7
1889,7.3
1890,4.7
1891,6.1
1892,6.2
1893,7.8
1894,6.1
1895,7.6
1896,5.8
1897,6.5
1898,7.2
1899,7.7
1900,4.9
1901,6.8
1902,5.9
1903,7.2
1904,8.7
1905,5.1
1906,6.6
1907,8.3
1908,6.7
1909,7.8
1910,6.5
1911,6.2
1912,8.2
1913,5.4
1914,5.6
1915,5.8
1916,6.5
1917,6.6
1918,5.5
1919,5.6
1920,7
1921,6.5
1922,5.9
1923,5.6
1924,5.6
1925,5.8
1926,7.5
1927,6.4
1928,6.4
1929,4.6
1930,6.5
1931,7.5
1932,7.5
1933,5.4
1934,7.5
1935,3.5
1936,5.7
1937,3.5
1938,9.3
1939,4.8
1940,6.9
1941,6
1942,7.2
1943,6
1944,6.6
1945,7.4
1946,6.9
1947,6.7
1948,8.2
1949,6.3
1950,6.4
1951,5.6
1952,6.2
1953,7.3
1954,6.6
1955,4.6
1956,5.2
1957,5.7
1958,5.3
1959,7.5
1960,5.6
1961,5.9
1962,4.7
1963,4.8
1964,6.7
1965,5.5
1966,5.1
1967,7
1968,6.7
1969,4
1970,7.3
1971,6.8
1972,6.1
1973,7.3
1974,6.9
1975,7.1
1976,6.9
1977,7.3
1978,6.3
1979,8.2
1980,7.2
1981,7.7
1982,6.5
1983,4.9
1984,6.4
1985,5.9
1986,6.2
1987,5.8
1988,6.7
1989,6
1990,7.2
1991,4.9
1992,4.2
1993,5
1994,7.8
1995,5.5
1996,5.3
1997,4.2
1998,6.6
1999,2.9
2000,7.2
2001,6.5
2002,6.8
2003,7.2
2004,6.7
2005,7.8
2006,6.6
2007,6.1
2008,7.1
2009,5.6
2010,2.9
2011,5.2
2012,5.3
2013,6.2
2014,7.3
2015,6.5
2016,4.1
2017,7.6
2018,6.1
2019,7.3
2020,7.2
2021,5.3
2022,6.2
2023,5.9
2024,5.8
2025,6.7
2026,6.5
2027,7.1
2028,7.5
2029,4.7
2030,6.9
2031,6.6
2032,6.2
2033,6.2
2034,5.4
2035,7.4
2036,5.6
2037,6.3
2038,5.4
2039,5.4
2040,5.4
2041,4.9
2042,5.4
2043,6.7
2044,4
2045,7.1
2046,5.1
2047,6.5
2048,8.2
2049,7.6
2050,7.2
2051,6.1
2052,8.7
2053,6.9
2054,6.9
2055,6.7
2056,7.1
2057,7.1
2058,6.1
2059,8
2060,7.4
2061,6.6
2062,5.4
2063,6.2
2064,6.1
2065,5.6
2066,5.8
2067,2.9
2068,6.7
2069,5.3
2070,7.1
2071,6.1
2072,7.2
2073,6.7
2074,6.3
2075,6.2
2076,6.9
2077,6.2
2078,6.8
2079,6.8
2080,7.1
2081,7.1
2082,7
2083,7.1
2084,6.4
2085,7
2086,6.2
2087,7.6
2088,4.8
2089,8.1
2090,7.3
2091,5.9
2092,7.6
2093,5.8
2094,7
2095,6.6
2096,6.5
2097,7.3
2098,4.7
2099,6.4
2100,6
2101,6.2
2102,5.9
2103,6.3
2104,6.6
2105,6.9
2106,6.9
2107,5.8
2108,6.3
2109,5.4
2110,6.5
2111,5.8
2112,6.7
2113,4
2114,4.1
2115,6.2
2116,3.9
2117,5.2
2118,6.3
2119,7.8
2120,7.8
2121,6.1
2122,5.8
2123,6.3
2124,7.7
2125,5.4
2126,7.2
2127,6.8
2128,7.3
2129,6.5
2130,7.2
2131,6.5
2132,6.3
2133,5.9
2134,7.8
2135,7.4
2136,4.8
2137,6.4
2138,7.7
2139,7.5
2140,6.1
2141,6.8
2142,6.6
2143,4.7
2144,3.1
2145,7.1
2146,6.1
2147,6.7
2148,7.1
2149,5.8
2150,6.7
2151,5.9
2152,6.8
2153,8.5
2154,6.7
2155,7.7
2156,4.8
2157,6.5
2158,5.6
2159,8.6
2160,7
2161,7
2162,5.7
2163,3.8
2164,7.5
2165,4.7
2166,4.9
2167,6.9
2168,7.1
2169,5.8
2170,7
2171,5.6
2172,7.3
2173,7
2174,6
2175,8.1
2176,5.8
2177,4.6
2178,7.9
2179,7.4
2180,5
2181,7.8
2182,6.2
2183,2.8
2184,5.8
2185,7.5
2186,5.4
2187,4.2
2188,5.9
2189,6.3
2190,7
2191,6.8
2192,3.8
2193,2.4
2194,6.9
2195,8.1
2196,6.1
2197,5
2198,5.6
2199,6.3
2200,6.2
2201,5.9
2202,6.3
2203,6.7
2204,3.4
2205,7.5
2206,6.6
2207,7.5
2208,7.2
2209,4.8
2210,6.6
2211,3.5
2212,6.7
2213,7.6
2214,6.3
2215,5.5
2216,6.3
2217,6.5
2218,5.6
2219,6.9
2220,7.5
2221,4
2222,6.2
2223,7.2
2224,8.3
2225,5.8
2226,6.8
2227,7
2228,5.9
2229,6.4
2230,6.4
2231,5.8
2232,5.1
2233,6.9
2234,5.3
2235,5.3
2236,6.4
2237,4.8
2238,6.8
2239,6.5
2240,6.7
2241,6.1
2242,7.2
2243,8.5
2244,5.9
2245,6.3
2246,5.9
2247,5.4
2248,7
2249,6.9
2250,7.5
2251,8.1
2252,5.9
2253,5
2254,7.2
2255,6.4
2256,6.6
2257,7.8
2258,6.7
2259,4.1
2260,7.6
2261,7.7
2262,5.8
2263,5.2
2264,5.6
2265,5.3
2266,7.4
2267,6.6
2268,6.3
2269,1.9
2270,5.7
2271,6.6
2272,6.1
2273,6.1
2274,4.8
2275,6.2
2276,7.5
2277,6.3
2278,7.1
2279,6.6
2280,6.2
2281,6.7
2282,5.6
2283,7.1
2284,4.5
2285,6.4
2286,7
2287,6.3
2288,7.4
2289,6
2290,6.6
2291,6.1
2292,6.8
2293,7.4
2294,6.8
2295,7.1
2296,2
2297,5.6
2298,4.5
2299,6.3
2300,7
2301,6.7
2302,2.8
2303,5.1
2304,7.5
2305,4.2
2306,5.6
2307,6.2
2308,5.3
2309,7.4
2310,7.4
2311,6.4
2312,7.1
2313,7.2
2314,2.3
2315,6.3
2316,6.1
2317,7
2318,6.5
2319,7
2320,7
2321,4.9
2322,6.8
2323,7.5
2324,8.4
2325,6.8
2326,4.5
2327,7.4
2328,7.2
2329,2.8
2330,7.5
2331,7.1
2332,6.4
2333,5.7
2334,5.3
2335,6.9
2336,6.2
2337,6.3
2338,6.4
2339,6.5
2340,6.1
2341,5.1
2342,5.5
2343,7.1
2344,5.4
2345,5.7
2346,4.9
2347,6.2
2348,6.7
2349,5.8
2350,6.9
2351,4.1
2352,6.6
2353,5.6
2354,6.4
2355,7.5
2356,7.4
2357,8
2358,5.6
2359,6.8
2360,5.9
2361,7.2
2362,5.6
2363,8.4
2364,8.5
2365,5.6
2366,4.4
2367,2.7
2368,6.1
2369,5.5
2370,7.1
2371,5.6
2372,3.9
2373,6.5
2374,8.6
2375,6.2
2376,7.1
2377,7.6
2378,6.5
2379,6.5
2380,6.7
2381,6.3
2382,6.4
2383,5.9
2384,6.3
2385,6.8
2386,6
2387,7.7
2388,6.2
2389,5.7
2390,7.7
2391,6.4
2392,6.3
2393,6.9
2394,7.3
2395,7.3
2396,6.3
2397,6.7
2398,6.7
2399,5.7
2400,3.1
2401,6.3
2402,5.8
2403,7.1
2404,7
2405,6
2406,6.5
2407,7.8
2408,8.3
2409,3.9
2410,7
2411,6.8
2412,7.3
2413,7.5
2414,6.4
2415,7.7
2416,7.3
2417,7.6
2418,5.3
2419,7.9
2420,5.3
2421,6.8
2422,7.1
2423,7.2
2424,5.8
2425,5.9
2426,8.2
2427,5.7
2428,6.8
2429,5
2430,7.6
2431,6.7
2432,6.7
2433,5.8
2434,5.3
2435,7.5
2436,7.2
2437,5.3
2438,6.5
2439,5
2440,6.2
2441,7.4
2442,4.4
2443,7.5
2444,5.8
2445,5.7
2446,7
2447,5.9
2448,6.7
2449,7
2450,7.9
2451,6.9
2452,7.3
2453,7.3
2454,3.5
2455,7.8
2456,7.3
2457,6.6
2458,6.4
2459,7.1
2460,6.8
2461,7.8
2462,4
2463,5.9
2464,7.1
2465,7.2
2466,5
2467,7.7
2468,5.5
2469,6.2
2470,7.2
2471,5.4
2472,6.7
2473,6.3
2474,5.1
2475,6.2
2476,7.6
2477,4.4
2478,5.3
2479,6.3
2480,6.5
2481,8.1
2482,6.3
2483,4.6
2484,4.6
2485,6
2486,7.6
2487,8.4
2488,7.8
2489,5.7
2490,6.4
2491,7.5
2492,6.3
2493,7.8
2494,7.9
2495,5.1
2496,6.7
2497,6.7
2498,5.6
2499,5.6
2500,6.8
2501,6.2
2502,5.6
2503,6.4
2504,5.6
2505,7.4
2506,5
2507,6.1
2508,7.2
2509,5
2510,7.5
2511,4.8
2512,3.2
2513,5.8
2514,6.7
2515,6.8
2516,6.5
2517,5.9
2518,5.5
2519,3.7
2520,3.4
2521,7.4
2522,6.7
2523,3.1
2524,7.6
2525,6.3
2526,6.9
2527,6.5
2528,5.5
2529,6.6
2530,5.3
2531,4.1
2532,6.9
2533,6.5
2534,7.6
2535,7.4
2536,7.7
2537,7.1
2538,6.3
2539,7.6
2540,8.1
2541,7.3
2542,7.6
2543,7.8
2544,6.5
2545,6.5
2546,7.9
2547,4.8
2548,7.8
2549,5.9
2550,5.6
2551,3.3
2552,8.2
2553,6.6
2554,5.4
2555,6.4
2556,4.9
2557,5.9
2558,5.6
2559,7.9
2560,5
2561,7.1
2562,6.6
2563,6.2
2564,5.4
2565,7.1
2566,5.2
2567,5.7
2568,7.6
2569,3.1
2570,7.1
2571,5.7
2572,5.3
2573,7.7
2574,7
2575,3.7
2576,5
2577,6.1
2578,6.6
2579,6.9
2580,7.2
2581,7.2
2582,2.8
2583,6.6
2584,6.7
2585,6.9
2586,4.5
2587,7.1
2588,6.2
2589,7.3
2590,5.2
2591,8.1
2592,6.7
2593,6.6
2594,4.6
2595,8
2596,6.5
2597,6.5
2598,5.8
2599,6.7
2600,6.5
2601,7.3
2602,7.5
2603,6
2604,7.4
2605,6.9
2606,7.9
2607,8.4
2608,8
2609,6
2610,7.2
2611,6.8
2612,7.8
2613,5.7
2614,5.7
2615,8
2616,6.1
2617,7.5
2618,6.2
2619,6.2
2620,7.8
2621,7.4
2622,6.5
2623,7.3
2624,7.5
2625,5.8
2626,7.3
2627,6.4
2628,5.1
2629,5.4
2630,8.1
2631,7.1
2632,5.5
2633,6.5
2634,6.2
2635,6.5
2636,7.3
2637,6.9
2638,5.7
2639,7.6
2640,5.4
2641,5.6
2642,7.7
2643,5.2
2644,6.8
2645,8.3
2646,4.9
2647,7.1
2648,6.6
2649,6.2
2650,4.1
2651,5.8
2652,8.1
2653,7.6
2654,7.8
2655,4.6
2656,6
2657,7
2658,6.7
2659,6.4
2660,7.2
2661,7.4
2662,4.8
2663,4
2664,6.3
2665,7.6
2666,6.6
2667,7.9
2668,7.9
2669,5.6
2670,6.2
2671,5.1
2672,4.2
2673,6.7
2674,4.7
2675,6.3
2676,6.3
2677,5.6
2678,7.3
2679,6.3
2680,4.9
2681,7.6
2682,6
2683,6.2
2684,6.8
2685,4.5
2686,5.7
2687,8.4
2688,4.6
2689,6.3
2690,7
2691,6.9
2692,6.1
2693,6.7
2694,5.6
2695,6.6
2696,6.4
2697,3
2698,5.4
2699,5
2700,5.1
2701,8
2702,5.9
2703,7.5
2704,8.1
2705,7
2706,6.6
2707,6.7
2708,5.5
2709,4.9
2710,6.8
2711,7.4
2712,5.6
2713,7.9
2714,5.3
2715,6.2
2716,5.3
2717,6.6
2718,7.2
2719,4.7
2720,7.4
2721,6.5
2722,7.6
2723,6.2
2724,8
2725,5.5
2726,6.3
2727,7.1
2728,7.9
2729,6.7
2730,5.4
2731,6.3
2732,6.5
2733,5.6
2734,7
2735,8.3
2736,7.2
2737,6.8
2738,6.3
2739,6.8
2740,8
2741,6.2
2742,6.4
2743,5.5
2744,6.1
2745,6
2746,5.1
2747,4.6
2748,5.8
2749,5.9
2750,5.7
2751,6.1
2752,4.8
2753,6.5
2754,7
2755,6.6
2756,8
2757,5.6
2758,6.8
2759,7.5
2760,6.2
2761,8.2
2762,7.3
2763,8
2764,6.9
2765,7
2767,5.6
2768,5.7
2769,7.2
2770,6.9
2771,5.5
2772,5.9
2773,7.7
2774,5.4
2775,7.1
2776,6.5
2777,5.5
2778,7.6
2779,5.5
2780,6.7
2781,5.1
2782,6.4
2783,6.5
2784,6
2785,5.8
2786,4.5
2787,3.8
2788,5.1
2789,4.7
2790,6.5
2791,4.9
2792,6.1
2793,6.9
2794,5.7
2795,6.7
2796,6.9
2797,5.5
2798,4.4
2799,5.4
2800,7
2801,5.4
2802,5.4
2803,8
2804,7.5
2805,5.9
2806,6.6
2807,6.7
2808,3.9
2809,5.7
2810,6.7
2811,6.6
2812,6.8
2813,6.2
2814,7.3
2815,6.9
2816,7
2817,6.5
2818,3.6
2819,7.7
2820,7.7
2821,5.8
2822,6.8
2823,7.4
2824,5.1
2825,9
2826,7.3
2827,7.2
2828,5.9
2829,7.5
2830,8.2
2831,8
2832,6.3
2833,7.3
2834,3.7
2835,1.6
2836,8
2837,6.2
2838,9
2839,6.2
2840,5.7
2841,7.1
2842,5.5
2843,6.9
2844,7.2
2845,6.1
2846,7.3
2847,5.9
2848,6.1
2849,6.3
2850,7.7
2851,5
2852,6.3
2853,2.6
2854,6.1
2855,6
2856,5.8
2857,5.6
2858,7.2
2859,7.7
2860,7.8
2861,6.1
2862,5.8
2863,6.5
2864,7.9
2865,6.3
2866,4
2867,8.2
2868,6.4
2869,6.7
2870,6.1
2871,8.2
2872,6
2873,5.8
2874,5.6
2875,6.1
2876,5.9
2877,7.3
2878,6.7
2879,5.7
2880,7.2
2881,6.3
2882,5.9
2883,7.1
2884,7.1
2885,8
2886,5.2
2887,7.1
2888,6.4
2889,5
2890,6.7
2891,4.4
2892,6.7
2893,6.2
2894,5.4
2895,6.6
2896,7.4
2897,7.3
2898,6.9
2899,7.9
2900,6.4
2901,7.8
2902,6.1
2903,6.2
2904,5.2
2905,7.7
2906,7.3
2907,7.8
2908,8
2909,6.7
2910,6.6
2911,6.3
2912,6.6
2913,6.2
2914,7.4
2915,8.1
2916,7
2917,8
2918,8
2919,7
2920,7.9
2921,5.9
2922,6.6
2923,6.3
2924,7.7
2925,6.9
2926,7.1
2927,7.4
2928,6.5
2929,6.5
2930,6.8
2931,7.5
2932,6.6
2933,7.1
2934,6.7
2935,7
2936,3.4
2937,6.7
2938,8
2939,6.8
2940,6
2941,5.4
2942,4.4
2943,6.3
2944,7.7
2945,8
2946,7.4
2947,5.9
2948,7.7
2949,7.3
2950,6.4
2951,5.4
2952,7
2953,8.5
2954,7.6
2955,6.9
2956,7
2957,5.4
2958,6.3
2959,4.6
2960,7.7
2961,6.7
2962,5.4
2963,6.3
2964,7
2965,5.3
2966,6.6
2967,5.9
2968,6.7
2969,6.6
2970,6.9
2971,8.4
2972,6
2973,5.5
2974,7.8
2975,7.5
2976,6.6
2977,6.4
2978,7
2979,5.7
2980,5.9
2981,6.3
2982,6.3
2983,6.2
2984,2.1
2985,5.1
2986,5.3
2987,7
2988,7
2989,7
2990,5.7
2991,7
2992,7
2993,7.8
2994,7
2995,6.8
2996,7.5
2997,6.3
2998,7.3
2999,6.8
3000,7.2
3001,6.4
3002,6
3003,6.4
3004,5.1
3005,7.4
3006,7
3007,4.6
3008,5.6
3009,6.8
3010,7.7
3011,6.6
3012,3.2
3013,6.1
3014,5.6
3015,6.9
3016,6.7
3017,5.8
3018,8.3
3019,2.7
3020,6.6
3021,7.4
3022,6
3023,6
3024,7.3
3025,8.6
3026,5.9
3027,8
3028,7.2
3029,4.7
3030,7.8
3031,7.1
3032,7.6
3033,6.8
3034,4.4
3035,7.2
3036,5.8
3037,7.1
3038,7.4
3039,7.5
3040,6.8
3041,6
3042,6.9
3043,7.3
3044,4.7
3045,6
3046,6.4
3047,5.5
3048,7.5
3049,8.1
3050,6.3
3051,5.2
3052,6.8
3053,5.3
3054,7.3
3055,7.3
3056,7.1
3057,7.6
3058,5.3
3059,7.8
3060,7.7
3061,7.7
3062,5.4
3063,6.1
3064,7.5
3065,6.1
3066,5.2
3067,6.9
3068,6.3
3069,6.8
3070,7.4
3071,5.7
3072,5.8
3073,6.2
3074,4.4
3075,6.3
3076,6.1
3077,6.8
3078,5.5
3079,5.4
3080,8.3
3081,7.9
3082,6.5
3083,6.3
3084,6.5
3085,8.1
3086,5.5
3087,5.8
3088,6.6
3089,7.3
3090,8.3
3091,5.3
3092,6.2
3093,6.9
3094,6
3095,6
3096,5.9
3097,7.3
3098,5.9
3099,5.5
3100,5.2
3101,7
3102,7.8
3103,6.5
3104,5.9
3105,7
3106,6.2
3107,6.9
3108,7.5
3109,7.3
3110,6.6
3111,6.3
3112,6.7
3113,6
3114,6.2
3115,5.8
3116,6.1
3117,6.9
3118,8.3
3119,5.4
3120,6.7
3121,7.3
3122,5.6
3123,6.5
3124,6.6
3125,6
3126,5
3127,5.5
3128,6.5
3129,7.2
3130,6.7
3131,7.2
3132,5.3
3133,5.7
3134,4.8
3135,5.9
3136,6.8
3137,5.9
3138,5.4
3139,6.1
3140,7.7
3141,4.4
3142,6.6
3143,6.6
3144,5.5
3145,6.6
3146,6.2
3147,7.2
3148,6.1
3149,7.1
3150,6
3151,7.4
3152,6
3153,4.2
3154,5.8
3155,6
3156,7
3157,6.8
3158,7.5
3159,7.1
3160,6.9
3161,5.8
3162,7.8
3163,6.6
3164,7
3165,6.3
3166,5.4
3167,6.8
3168,5.5
3169,7.3
3170,4.3
3171,6
3172,5.2
3173,6.7
3174,6.3
3175,7.9
3176,8.5
3177,6.1
3178,5.8
3179,7.7
3180,8
3181,5.6
3182,6.7
3183,6.6
3184,4.2
3185,6.6
3186,4.1
3187,7.3
3188,7
3189,6.5
3190,7.1
3191,5.4
3192,6.6
3193,7
3194,7.8
3195,7.1
3196,5.7
3197,7.3
3198,3.3
3199,6.5
3200,4.8
3201,5.3
3202,6.3
3203,7.2
3204,6.8
3205,5.7
3206,7.2
3207,6.8
3208,9
3209,6.4
3210,6.2
3211,6.7
3212,6.5
3213,7.1
3214,5.3
3215,6.7
3216,6.2
3217,3.6
3218,5.6
3219,7.3
3220,5
3221,6.6
3222,6.6
3223,6.7
3224,6.1
3225,7.2
3226,6.2
3227,6.9
3228,6.5
3229,6.3
3230,7
3231,3.4
3232,6.6
3233,6.2
3234,6.5
3235,3.5
3236,5.5
3237,5.8
3238,4.7
3239,4.3
3240,5.2
3241,5.2
3242,3.9
3243,6.1
3244,5.8
3245,6.6
3246,5.7
3247,4.5
3248,6.9
3249,4.8
3250,6.3
3251,6.8
3252,5.4
3253,3.7
3254,7
3255,5.2
3256,7.3
3257,4.6
3258,6.5
3259,6.8
3260,6.7
3261,6.1
3262,5.1
3263,6.9
3264,6
3265,7.9
3266,4.6
3267,5
3268,7.6
3269,7.6
3270,6.7
3271,6.2
3272,7.5
3273,5.3
3274,6.1
3275,7.2
3276,7.4
3277,6.8
3278,8.5
3279,7.5
3280,6.6
3281,8
3282,7
3283,5.7
3284,7.3
3285,6.9
3286,6.8
3287,6.6
3288,8
3289,6.5
3290,5
3291,7.1
3292,7
3293,7
3294,7.5
3295,4.6
3296,5.6
3297,7.6
3298,7.2
3299,4.8
3300,6.7
3301,7
3302,6.6
3303,7.4
3304,3.5
3305,5.7
3306,6.2
3307,5.7
3308,6.4
3309,7
3310,7.4
3311,5.4
3312,6.6
3313,6.1
3314,6.1
3315,7.6
3316,6.2
3317,6.6
3318,6.1
3319,7.3
3320,4.3
3321,7
3322,6
3323,6.5
3324,6.6
3325,5.6
3326,6.1
3327,7.1
3328,7.3
3329,6.5
3330,8.1
3331,5.7
3332,7.3
3333,7.3
3334,7
3335,5.1
3336,5.9
3337,6.7
3338,7.3
3339,7.5
3340,6.5
3341,2.2
3342,5.3
3343,7.1
3344,7
3345,8
3346,6.5
3347,6.9
3348,7
3349,7.2
3350,7.5
3351,7.1
3352,7.2
3353,7.2
3354,6.7
3355,5.9
3356,8.9
3357,7.6
3358,7.9
3359,5.7
3360,8
3361,6.2
3362,7.8
3363,8.1
3364,7.6
3365,3.6
3366,7.6
3367,6.5
3368,5.7
3369,7.7
3370,5.2
3371,6.9
3372,6.2
3373,5
3374,6.3
3375,7.4
3376,6.8
3377,7.1
3378,6.5
3379,5.8
3380,7.4
3381,6.7
3382,5.6
3383,6.9
3384,7.6
3385,6.4
3386,6.9
3387,6.3
3388,6.4
3389,7
3390,7.1
3391,6.5
3392,6.9
3393,5.4
3394,4.9
3395,5.2
3396,5.3
3397,7.5
3398,8.1
3399,7.3
3400,7.3
3401,7.1
3402,6.1
3403,6.6
3404,7.1
3405,7.2
3406,6.9
3407,6.8
3408,4.2
3409,7.7
3410,7.4
3411,6.4
3412,6.4
3413,7.2
3414,5.6
3415,6.3
3416,6.7
3417,5.5
3418,6.8
3419,6
3420,7.7
3421,6.4
3422,6.6
3423,5.3
3424,8.1
3425,5.9
3426,7.7
3427,4.6
3428,5.1
3429,6.8
3430,7.7
3431,6.8
3432,5.3
3433,6.5
3434,4.2
3435,7.4
3436,7
3437,6.8
3438,7.2
3439,7.6
3440,5.5
3441,7.3
3442,6.4
3443,6
3444,7.2
3445,5.8
3446,3.3
3447,6.9
3448,6.1
3449,5.4
3450,6.9
3451,6.2
3452,4.9
3453,7.8
3454,6.7
3455,5.4
3456,5.6
3457,8.1
3458,5.7
3459,7.6
3460,6.2
3461,7.2
3462,6.2
3463,3.5
3464,7.5
3465,5.2
3466,6.7
3467,9.2
3468,6.2
3469,7.7
3470,7.6
3471,6.1
3472,5
3473,6.8
3474,7
3475,7.1
3476,5.7
3477,7.3
3478,7.5
3479,7.4
3480,7.2
3481,6.4
3482,9
3483,6.8
3484,6.8
3485,5.3
3486,7.2
3487,7.5
3488,4.1
3489,6.8
3490,6.9
3491,8.2
3492,7.2
3493,6.2
3494,7.8
3495,6.1
3496,4.3
3497,7.1
3498,7.1
3499,6.2
3500,6.9
3501,7.6
3502,7.6
3503,6.4
3504,6.2
3505,7.5
3506,2.1
3507,6.2
3508,7.7
3509,6.5
3510,7.4
3511,7.9
3512,6.8
3513,6.3
3514,6.3
3515,6.6
3516,6.4
3517,7.5
3518,6.2
3519,6.5
3520,4.9
3521,7.2
3522,6.4
3523,7
3524,6.3
3525,5.3
3526,2.4
3527,7
3528,6.2
3529,6.2
3530,6.6
3531,6.5
3532,5.8
3533,6.7
3534,6
3535,6.9
3536,7.8
3537,5.4
3538,4.8
3539,5.5
3540,5.7
3541,7.3
3542,7.4
3543,7.7
3544,5
3545,6.1
3546,5.8
3547,7.3
3548,7
3549,6.4
3550,5.6
3551,8.3
3552,6.5
3553,6.4
3554,8.1
3555,5.4
3556,6.3
3557,7.8
3558,6.9
3559,7.1
3560,7.1
3561,6.2
3562,7.2
3563,5.8
3564,7.2
3565,3.7
3566,7.6
3567,7.2
3568,7.3
3569,6.6
3570,6.8
3571,6.7
3572,7.2
3573,7.1
3574,6.5
3575,7.7
3576,8
3577,7.7
3578,7.6
3579,7.4
3580,8.7
3581,7.2
3582,7.2
3583,8.1
3584,7.5
3585,8.1
3586,7.8
3587,7.8
3588,5.9
3589,7.6
3590,7.3
3591,6.4
3592,7
3593,8.6
3594,5.2
3595,6.4
3596,7.9
3597,6.9
3598,7.5
3599,7.2
3600,5.9
3601,3
3602,6.2
3603,7.3
3604,6.3
3605,8.2
3606,6.7
3607,6.3
3608,7.7
3609,5.2
3610,6.8
3611,6.5
3612,7
3613,5.9
3614,7.1
3615,5.5
3616,7.4
3617,7.3
3618,4.6
3619,7.2
3620,7
3621,5
3622,6.7
3623,5.3
3624,8.4
3625,7.8
3626,6.7
3627,5.4
3628,7.2
3629,5.8
3630,6.4
3631,8
3632,7
3633,7
3634,6.8
3635,3.9
3636,5.7
3637,6.5
3638,6.6
3639,6.1
3640,6.2
3641,6.2
3642,7.3
3643,4.7
3644,8.3
3645,7.2
3646,5.8
3647,5.9
3648,6.3
3649,7.2
3650,5.4
3651,8.1
3652,7.3
3653,7.3
3654,5.8
3655,6.2
3656,7
3657,6.1
3658,7.9
3659,5.4
3660,7.1
3661,6.4
3662,8.3
3663,6.7
3664,6.9
3665,2.1
3666,4.4
3667,6.5
3668,3.3
3669,8.3
3670,7.2
3671,5.8
3672,7.7
3673,6.6
3674,7.6
3675,7.4
3676,7.1
3677,3.5
3678,7.9
3679,6.7
3680,6.6
3681,7.9
3682,4.9
3683,7.2
3684,7.4
3685,6.1
3686,8.2
3687,6.3
3688,5.3
3689,5
3690,7.6
3691,7.6
3692,6.3
3693,7.5
3694,5.5
3695,7.3
3696,6.2
3697,6.6
3698,6.6
3699,7.2
3700,6.6
3701,6.3
3702,5.8
3703,4.5
3704,6.6
3705,7.1
3706,7.6
3707,4.6
3708,6.8
3709,7.1
3710,4.9
3711,7.3
3712,7.2
3713,5
3714,8.2
3715,8
3716,5.2
3717,8.5
3718,6.5
3719,7.4
3720,7.7
3721,7.4
3722,5.2
3723,7.3
3724,5
3725,7.2
3726,6.7
3727,6.4
3728,7.1
3729,5.8
3730,6.1
3731,6.2
3732,5.2
3733,7.3
3734,7.5
3735,6.6
3736,6.4
3737,4.6
3738,6.6
3739,5.3
3740,4.9
3741,7.7
3742,7.9
3743,3.9
3744,7.5
3745,5.9
3746,6.2
3747,7.2
3748,6.4
3749,5.2
3750,6.9
3751,6.8
3752,6.2
3753,6.2
3754,3.5
3755,6.1
3756,6.5
3757,4.9
3758,6
3759,6.8
3760,7.6
3761,6.6
3762,5.3
3763,6.4
3764,7
3765,7
3766,6.6
3767,8.5
3768,6.4
3769,7.9
3770,5.4
3771,6.9
3772,7.6
3773,7.2
3774,6.8
3775,6.2
3776,7.4
3777,4.8
3778,6.4
3779,7
3780,7.7
3781,6.8
3782,7
3783,7
3784,6.3
3785,7
3786,5.6
3787,4.4
3788,7
3789,6.1
3790,7.4
3791,7.5
3792,7.2
3793,7.5
3794,7.2
3795,6.3
3796,6.2
3797,4.6
3798,6.2
3799,6.1
3800,3.4
3801,7.6
3802,4.2
3803,7.2
3804,6.1
3805,6.1
3806,4.2
3807,4.5
3808,8.4
3809,7.5
3810,6.2
3811,5.1
3812,5.4
3813,4.4
3814,4.4
3815,6.8
3816,6.5
3817,5.6
3818,4.3
3819,3.3
3820,7.4
3821,7.3
3822,8
3823,6.5
3824,5.9
3825,6.8
3826,7.4
3827,6.7
3828,6.7
3829,5.4
3830,5.6
3831,7.4
3832,5.7
3833,5.4
3834,3.2
3835,6.5
3836,7.8
3837,5.3
3838,7.2
3839,6.2
3840,5.9
3841,7.2
3842,6.7
3843,5.7
3844,7.1
3845,7.2
3846,7.4
3847,7.7
3848,7.7
3849,7.4
3850,8.3
3851,7.1
3852,7.1
3853,7.5
3854,5.5
3855,8.1
3856,6
3857,7.8
3858,6.8
3859,6.4
3860,7.6
3861,6.4
3862,6.5
3863,7.3
3864,6.6
3865,7.9
3866,5.9
3867,4.7
3868,8.7
3869,5.8
3870,6.7
3871,8.1
3872,8.4
3873,5.8
3874,6.1
3875,7.3
3876,6.7
3877,7.6
3878,7.2
3879,6.2
3880,5.8
3881,5.4
3882,8.2
3883,7
3884,6.5
3885,7.3
3886,6.2
3887,4.9
3888,7.9
3889,7.7
3890,8
3891,6.7
3892,6
3893,7.1
3894,5.6
3895,7.5
3896,4.3
3897,7.4
3898,7.3
3899,4.7
3900,6.9
3901,7.6
3902,7
3903,7.3
3904,8.2
3905,5.4
3906,4
3907,7.9
3908,6.7
3909,5.7
3910,4.7
3911,4.5
3912,7
3913,7.4
3914,5.9
3915,4.7
3916,4.8
3917,7.5
3918,4.7
3919,6.7
3920,6.3
3921,6
3922,6.8
3923,7
3924,2.7
3925,7.3
3926,7.5
3927,5.8
3928,6.5
3929,6.6
3930,6.2
3931,6.9
3932,8.5
3933,4.9
3934,6.6
3935,5.7
3936,7
3937,5.4
3938,7.1
3939,6.9
3940,6.6
3941,5.8
3942,6.3
3943,6.3
3944,7.6
3945,6.9
3946,6.3
3947,5.9
3948,6.2
3949,5
3950,7.6
3951,6.5
3952,6.2
3953,5.8
3954,6.1
3955,6
3956,6.3
3957,6.2
3958,7.4
3959,7.6
3960,5.2
3961,7.7
3962,6.5
3963,4.8
3964,6.7
3965,4.3
3966,6.4
3967,4.8
3968,5.7
3969,7.8
3970,8.1
3971,8.2
3972,6.2
3973,6.8
3974,6.7
3975,7
3976,7.3
3977,7.4
3978,6.8
3979,7
3980,6.9
3981,6.8
3982,6.9
3983,8.4
3984,7.9
3985,7.2
3986,7.8
3987,3.5
3988,7.3
3989,7.5
3990,7.4
3991,6.1
3992,7.3
3993,8
3994,7.6
3995,7
3996,7.4
3997,6.8
3998,4.1
3999,6
4000,7.5
4001,8.2
4002,7.2
4003,4.8
4004,7.8
4005,5.2
4006,3.3
4007,6.9
4008,7
4009,6.5
4010,5.7
4011,6.4
4012,5.3
4013,4.6
4014,6
4015,5.4
4016,7.2
4017,4.9
4018,8.4
4019,7.5
4020,3.2
4021,5.4
4022,4.8
4023,3.2
4024,6.7
4025,7.6
4026,7.1
4027,5.9
4028,6.5
4029,8.5
4030,8.6
4031,7.1
4032,6.6
4033,6.7
4034,8.3
4035,8
4036,7.3
4037,6.6
4038,4.6
4039,6.4
4040,7.5
4041,8
4042,8.1
4043,7.2
4044,7.5
4045,7.2
4046,6.3
4047,7.5
4048,7.7
4049,5.7
4050,8.6
4051,8.2
4052,6.7
4053,5.7
4054,7.3
4055,8
4056,7.3
4057,5.4
4058,7.3
4059,5.7
4060,6.8
4061,5.5
4062,8
4063,6.1
4064,5.2
4065,5.8
4066,6
4067,8.2
4068,5.3
4069,6.8
4070,8.3
4071,4.3
4072,6.7
4073,7.2
4074,6.9
4075,6.5
4076,5.8
4077,7.8
4078,8.2
4079,5.3
4080,7.8
4081,7.8
4082,3.1
4083,7.9
4084,3.2
4085,6.5
4086,6.8
4087,6.9
4088,7.3
4089,7.8
4090,6.9
4091,4.5
4092,6
4093,6.6
4094,7.8
4095,5.4
4096,5.3
4097,7.9
4098,7.1
4099,5.6
4100,6.9
4101,7.4
4102,7.3
4103,7.8
4104,6.6
4105,5.3
4106,8.4
4107,6.3
4108,6.1
4109,4.7
4110,6.9
4111,7.1
4112,7.3
4113,5.7
4114,5.1
4115,5.3
4116,8.1
4117,5.1
4118,5.4
4119,6
4120,7.5
4121,7.3
4122,5.9
4123,4.2
4124,6.7
4125,5.8
4126,6.2
4127,5.3
4128,3.3
4129,6.5
4130,5.8
4131,5.8
4132,5.5
4133,5.5
4134,2.6
4135,5.8
4136,7.4
4137,5.3
4138,5.2
4139,4.8
4140,3.8
4141,6.1
4142,6.9
4143,6.1
4144,5.9
4145,8
4146,7.3
4147,5
4148,6.5
4149,4.3
4150,6.4
4151,7.6
4152,6.8
4153,6.1
4154,4
4155,7.4
4156,8.2
4157,5.3
4158,8
4159,8
4160,5.6
4161,8.1
4162,7.1
4163,7.4
4164,6.5
4165,5.7
4166,6.9
4167,7
4168,7
4169,7.8
4170,6
4171,7.4
4172,7.7
4173,6
4174,5.4
4175,7.9
4176,7.2
4177,7.4
4178,5.3
4179,8.3
4180,7.6
4181,5.1
4182,5.1
4183,4.9
4184,6.9
4185,4.8
4186,6.3
4187,7.9
4188,6.8
4189,7.1
4190,7.5
4191,8.1
4192,6.5
4193,7
4194,7.5
4195,6.6
4196,7.1
4197,7.5
4198,7.1
4199,6.6
4200,7.7
4201,7.5
4202,5.8
4203,6.7
4204,5.8
4205,7
4206,6.2
4207,6.1
4208,5.9
4209,6.8
4210,5.8
4211,5.1
4212,4.9
4213,6.8
4214,5.1
4215,6.6
4216,5
4217,7.7
4218,3.1
4219,6.6
4220,3.9
4221,6.8
4222,7
4223,5.8
4224,5.8
4225,7.3
4226,7.8
4227,7.8
4228,5
4229,5.7
4230,4.8
4231,5.8
4232,6.1
4233,4.3
4234,7.4
4235,4.7
4236,5.8
4237,5.4
4238,6
4239,8.1
4240,7
4241,7.6
4242,6.5
4243,7.4
4244,6.3
4245,6.4
4246,4.9
4247,4.9
4248,7.4
4249,5.1
4250,7.5
4251,7.2
4252,6.8
4253,6.8
4254,8.3
4255,7.6
4256,7.6
4257,7.6
4258,7.6
4259,5.3
4260,8.4
4261,7
4262,8
4263,7.1
4264,7.8
4265,7.2
4266,7.5
4267,8
4268,8.1
4269,6.8
4270,7.3
4271,7.2
4272,8
4273,7
4274,7.3
4275,8.2
4276,6.2
4277,7.5
4278,6.9
4279,5.4
4280,4.7
4281,5.7
4282,8
4283,7.8
4284,6.5
4285,8
4286,3.1
4287,8.3
4288,6.9
4289,7.1
4290,8.1
4291,6.6
4292,6.7
4293,7.3
4294,6.5
4295,4.6
4296,6.6
4297,7
4298,5.4
4299,6.7
4300,2.9
4301,7.4
4302,5.7
4303,7.1
4304,5.1
4305,7.9
4306,5.3
4307,5.2
4308,4.9
4309,5.9
4310,6.2
4311,5.9
4312,6.6
4313,6.6
4314,5.1
4315,6
4316,6.8
4317,5.4
4318,5.1
4319,7.7
4320,6.4
4321,6.1
4322,5.7
4323,5.5
4324,6.5
4325,7.1
4326,5.2
4327,4.5
4328,7.3
4329,7.7
4330,4.9
4331,6.3
4332,6.1
4333,6.6
4334,5.7
4335,5.6
4336,6
4337,5.7
4338,6.9
4339,5.1
4340,4.4
4341,3.5
4342,4.5
4343,3.5
4344,7.1
4345,6.4
4346,5.2
4347,7
4348,7.3
4349,8.1
4350,5.6
4351,5.9
4352,6.4
4353,7.5
4354,7.8
4355,6.3
4356,6.7
4357,5.6
4358,7.1
4359,8
4360,8.4
4361,6.8
4362,7.3
4363,5.5
4364,7.2
4365,6.3
4366,4.9
4367,6.6
4368,6
4369,7.5
4370,7
4371,7.2
4372,5.3
4373,4.8
4374,3.4
4375,5.2
4376,7.7
4377,6.7
4378,4.6
4379,5.3
4380,7.3
4381,6.1
4382,7.4
4383,6.3
4384,6.3
4385,6.8
4386,7.8
4387,6.8
4388,8
4389,7.7
4390,7.4
4391,6.2
4392,5
4393,3.5
4394,7.1
4395,4.8
4396,7.2
4397,7.9
4398,4.9
4399,7.1
4400,5.3
4401,3.7
4402,7.3
4403,7
4404,6.8
4405,8.2
4406,7
4407,7.3
4408,6.6
4409,5.6
4410,4.9
4411,7.6
4412,7.1
4413,7.5
4414,6.9
4415,6.9
4416,7.9
4417,7.6
4418,6.7
4419,5.8
4420,6.5
4421,7.2
4422,6.9
4423,4.3
4424,6.5
4425,6.2
4426,6.8
4427,5.7
4428,8.5
4429,6.5
4430,6.3
4431,4.2
4432,6.1
4433,6.2
4434,5.9
4435,6.6
4436,6.7
4437,5.4
4438,5.1
4439,6.8
4440,6.8
4441,6.8
4442,6.2
4443,7
4444,2.8
4445,6.8
4446,2.9
4447,7
4448,3
4449,3.7
4450,7.6
4451,6.7
4452,5.5
4453,6.6
4454,5.6
4455,5.5
4456,6.3
4457,6.4
4458,6.5
4459,8.2
4460,7
4461,7.3
4462,8.1
4463,7.2
4464,7.3
4465,6.5
4466,5.6
4467,6.1
4468,7.7
4469,8.2
4470,4.4
4471,6.2
4472,3.3
4473,2.7
4474,5.2
4475,8.1
4476,6.1
4477,8
4478,5.6
4479,5.7
4480,3.7
4481,7.1
4482,7.8
4483,7.2
4484,4.1
4485,7.2
4486,7.6
4487,7.1
4488,5.4
4489,7
4490,5.5
4491,7.4
4492,7.6
4493,7.1
4494,7.8
4495,6.6
4496,6
4497,8.3
4498,6.5
4499,8.8
4500,7.8
4501,5.9
4502,6
4503,7.3
4504,6.1
4505,5.6
4506,7
4507,6
4508,3.7
4509,7.1
4510,4.4
4511,3.9
4512,6.2
4513,6.5
4514,4.5
4515,3.4
4516,6.8
4517,7.7
4518,7.2
4519,5.9
4520,4.7
4521,7
4522,6.9
4523,6
4524,7.6
4525,3
4526,2.5
4527,8.5
4528,6.2
4529,7.5
4530,6.7
4531,8.1
4532,4.9
4533,6.8
4534,6.6
4535,5.6
4536,8.3
4537,6.6
4538,7.3
4539,5
4540,7
4541,4.4
4542,5.9
4543,6.1
4544,7.4
4545,7.4
4546,4.2
4547,6.2
4548,6.2
4549,7.4
4550,7.2
4551,7.2
4552,5.3
4553,6.7
4554,7.2
4555,7.8
4556,6.8
4557,6.7
4558,7.5
4559,6.8
4560,6.9
4561,6.8
4562,7.2
4563,7.4
4564,5.5
4565,6.7
4566,7.2
4567,7.7
4568,7
4569,7.1
4570,6.3
4571,7.2
4572,7.1
4573,6.2
4574,6.9
4575,6.2
4576,6.9
4577,7
4578,6.7
4579,3.8
4580,6.2
4581,7.3
4582,7.3
4583,7.4
4584,6
4585,6.7
4586,8.2
4587,7.5
4588,7.3
4589,7.3
4590,5.6
4591,7.6
4592,6.8
4593,5.6
4594,4.8
4595,6.4
4596,6.8
4597,6
4598,5.4
4599,6.8
4600,5.9
4601,6.3
4602,6.1
4603,5.4
4604,6.9
4605,5.7
4606,2
4607,4
4608,5.3
4609,6.8
4610,6.6
4611,6.5
4612,5.8
4613,6.2
4614,2.8
4615,7.3
4616,5.9
4617,6.4
4618,5.8
4619,5.1
4620,2.2
4621,7.2
4622,5.7
4623,3.4
4624,3.7
4625,4.8
4626,5.6
4627,3.8
4628,5
4629,5
4630,3.5
4631,5.4
4632,6.9
4633,7.1
4634,5.5
4635,5.9
4636,6
4637,4.9
4638,7.2
4639,8.2
4640,5.6
4641,7.9
4642,5.5
4643,7.1
4644,6.3
4645,5.9
4646,7.5
4647,6.4
4648,7.3
4649,7.3
4650,6.5
4651,7.1
4652,6.8
4653,7
4654,6
4655,6.6
4656,5.4
4657,7
4658,4.9
4659,3.2
4660,8.3
4661,6.9
4662,7.4
4663,7.1
4664,7.2
4665,7.9
4666,7.2
4667,7.1
4668,6.4
4669,7.2
4670,4.4
4671,4.5
4672,6.3
4673,6.8
4674,6.2
4675,7.5
4676,7.7
4677,6.9
4678,7
4679,7.4
4680,6.4
4681,5.5
4682,4.8
4683,8.1
4684,6.6
4685,5.2
4686,5.6
4687,3.1
4688,8
4689,8.3
4690,7.1
4691,7.8
4692,7.2
4693,6.2
4694,4.1
4695,7.2
4696,5.3
4697,7.2
4698,6.5
4699,6.5
4700,5.2
4701,5.2
4702,7.4
4703,7.7
4704,5.5
4705,3.6
4706,5.4
4707,7.8
4708,6.4
4709,8.1
4710,6.5
4711,5.5
4712,5.6
4713,6.6
4714,6.2
4715,7.3
4716,7.1
4717,6.1
4718,6.5
4719,4.5
4720,7.7
4721,7.1
4722,6.1
4723,5.8
4724,6.6
4725,7.1
4726,6.2
4727,5.7
4728,5.4
4729,5.9
4730,7.5
4731,7.7
4732,7
4733,7.4
4734,7.6
4735,6.3
4736,7.4
4737,6.8
4738,6.5
4739,6
4740,7.3
4741,7.2
4742,6.5
4743,6.1
4744,5.3
4745,6.6
4746,6.1
4747,7.1
4748,8.7
4749,8.4
4750,5.8
4751,6.1
4752,5.8
4753,6.6
4754,5.7
4755,6
4756,6.4
4757,4.9
4758,6.4
4759,4.5
4760,7.7
4761,7.3
4762,6.5
4763,6.4
4764,6.1
4765,7.4
4766,7.1
4767,3.5
4769,2.3
4770,3.4
4771,6.6
4772,6.9
4773,3.5
4774,6.9
4775,7.9
4776,5.7
4777,6.7
4778,5.7
4779,6.3
4780,6.3
4781,5.9
4782,7.7
4783,4.5
4784,7
4785,6.2
4786,6.5
4787,7.6
4788,7.1
4789,7.4
4790,7.6
4791,3.8
4792,6.9
4793,7.1
4794,6.3
4795,7.7
4796,8.3
4797,7
4798,4.4
4799,7.6
4800,7.2
4801,5
4802,5.5
4803,6.9
4804,8.1
4805,6.1
4806,6.1
4807,6.9
4808,5.5
4809,5.8
4810,8.1
4811,7.9
4812,6.9
4813,6.1
4814,7.5
4815,6.1
4816,7.4
4817,7.7
4818,4.9
4819,7.4
4820,6.7
4821,3.4
4822,7.8
4823,8.9
4824,6.9
4825,8.1
4826,7.3
4827,8
4828,6.7
4829,6.5
4830,6.8
4831,7
4832,5.5
4833,6.7
4834,7.1
4835,5
4836,7.7
4837,7.5
4838,7.7
4839,8.1
4840,5.5
4841,6.6
4842,3.2
4843,7.4
4844,5.9
4845,6.2
4846,4.7
4847,4.5
4848,5.6
4849,4.5
4850,4.7
4851,6.3
4852,6.4
4853,7.3
4854,6.8
4855,4.6
4856,7.1
4857,6.5
4858,6.6
4859,6.7
4860,4
4861,7.2
4862,6.3
4863,6.9
4864,5.5
4865,6.7
4866,3.9
4867,6.1
4868,6.8
4869,3.8
4870,8.5
4871,6.9
4872,7.3
4873,6.9
4874,6.2
4875,2.5
4876,5.6
4877,7
4878,6.1
4879,6.7
4880,4.6
4881,7.5
4882,4.4
4883,7.4
4884,6.6
4885,7.6
4886,8.2
4887,6.4
4888,6.8
4889,7.1
4890,4.1
4891,7.5
4892,7
4893,3.9
4894,6.7
4895,7.2
4896,6.9
4897,7.3
4898,8
4899,6.4
4900,7.1
4901,6.6
4902,6.4
4903,6.7
4904,6.8
4905,7.1
4906,7.1
4907,5.2
4908,6
4909,4
4910,6
4911,3.8
4912,7.4
4913,8.2
4914,6.4
4915,7.9
4916,7.6
4917,7.2
4918,5.3
4919,6.8
4920,5.9
4921,7.9
4922,8.3
4923,7.6
4924,6.7
4925,8.6
4926,6.3
4927,7
4928,5.8
4929,5.5
4930,5.9
4931,6.2
4932,7.9
4933,7.2
4934,7.3
4935,5.4
4936,6.7
4937,7.5
4938,8.4
4939,6.9
4940,5.3
4941,6.9
4942,7.5
4943,6.2
4944,7.3
4945,6.6
4946,7.9
4947,6.6
4948,6.7
4949,5.3
4950,7
4951,7
4952,7.9
4953,7.4
4954,6.4
4955,5.2
4956,6.7
4957,4.2
4958,7.4
4959,4.7
4960,7
4961,7.3
4962,5.8
4963,7
4964,2.4
4965,6.7
4966,7.7
4967,5.6
4968,6.8
4969,3.6
4970,6.7
4971,7.2
4972,6.6
4973,8.3
4974,7.4
4975,5.3
4976,5.3
4977,4.1
4978,7.2
4979,5.6
4980,5.5
4981,4.3
4982,6.6
4983,6.3
4984,5.8
4985,6.6
4986,6.8
4987,6.4
4988,6.2
4989,3.4
4990,4.7
4991,5.9
4992,7.3
4993,7.9
4994,6.1
4995,7.2
4996,6.6
4997,5.2
4998,7.4
4999,7.5
5000,5.1
5001,3.2
5002,8.2
5003,3.4
5004,6.3
5005,4
5006,6.9
5007,3.7
5008,6.5
5009,7.8
5010,6.7
5011,6.4
5012,7.2
5013,5.7
5014,6.8
5015,6.3
5016,7.1
5017,5.1
5018,3.3
5019,6.9
5020,4.5
5021,2.8
5022,6.5
5023,7.5
5024,6.2
5025,4
5026,6.1
5027,6.9
5028,7.5
5029,6.3
5030,7.4
5031,6
5032,5.4
5033,6.4
5034,6.9
5035,6.3
5036,6.9
5037,7.6
5038,6.3
5039,7.7
5040,7.4
5041,5.4
5042,6.3
5043,6.5
